text,label
"The World Health Organization reported significant progress in global vaccination efforts, with over 70% of developed countries now fully immunized.",0
"NASA scientists discovered a potentially habitable exoplanet in a nearby solar system, expanding our understanding of space exploration.",0
"International climate experts warn about the accelerating rate of polar ice cap melting and its potential catastrophic environmental consequences.",0
"A groundbreaking medical research suggests a revolutionary treatment that could potentially cure multiple types of cancer with a single injection.",0
"United Nations released a comprehensive report highlighting the critical need for reducing carbon emissions and implementing sustainable practices worldwide.",0
"Aliens have been secretly controlling world governments for decades, manipulating global politics from underground bases.",0
"A miraculous cure for all known diseases exists but is being suppressed by pharmaceutical companies to maintain their profit margins.",1
"Breaking news: Entire countries are planning to replace human workers with advanced AI robots within the next five years.",1
"A secret global elite group is controlling world economies through a complex network of underground communication channels.",1
"Government announces new economic policy for the fiscal year.",0
"Aliens spotted in the White House during a press conference.",1
"Researchers discover a new treatment for Alzheimer's disease.",0
"Drinking soda every day will make you live longer, says study.",1
"City council approves plans for a new public library downtown.",0
"The world will end next year due to a solar flare, claims expert.",1
"Tech giant announces breakthrough in renewable energy technology.",0
"Magic crystals can cure all forms of cancer, claims blogger.",1
"Local farmers benefit from new government subsidies.",0
"Secret potion discovered to reverse aging overnight.",1
"Electric vehicle sales grow by 40% globally this year.",0
"Celebrity endorses a diet pill that works instantly.",1
"National park introduces new measures to protect endangered species.",0
"UFO lands in the middle of Times Square, witnesses say.",1
"Study finds that daily exercise reduces the risk of heart disease.",0
"A secret underground city found beneath the Sahara desert.",1
"Scientists create biodegradable alternatives to plastic packaging.",0
"Astrology is proven to be more accurate than modern medicine.",1
"Local community organizes a fundraiser for disaster relief.",0
"Eating only fruit can detox your body in three days.",1
"University launches free coding courses for underprivileged students.",0
"Conspiracy theorist claims the moon is a hologram.",1
"New vaccine proves effective against a major viral outbreak.",0
"A man finds a treasure chest filled with gold in his backyard.",1
"City introduces a bike-sharing program to reduce traffic congestion.",0
"Eating chocolate every day helps you lose weight, says a viral post.",1
"Scientists develop an AI system to detect rare diseases.",0
"Government launches initiative to improve rural healthcare.",0
"A new planet discovered is home to intelligent alien life.",1
"Tech startup creates affordable solar-powered water purifiers.",0
"Eating ice cream daily will cure your depression, says an article.",1
"Researchers find a way to recycle plastic into sustainable fuel.",0
"The pyramids were built by extraterrestrials, claims historian.",1
"Local government invests in renewable energy projects.",0
"A diet pill promises to burn fat without any exercise.",1
"Scientists confirm that meditation improves mental health.",0
"A viral video shows a mermaid swimming in the Pacific Ocean.",1
"City introduces eco-friendly buses to reduce pollution.",0
"New study reveals that astrology can predict the future accurately.",1
"Tech company develops a new algorithm to enhance cybersecurity.",0
"Drinking water from a magical spring grants eternal youth.",1
"Researchers identify genes linked to increased lifespan.",0
"Aliens are secretly living among us, says viral conspiracy theory.",1
"Sports team wins championship after an intense final match.",0
"Scientists discover a hidden city under Antarctica.",1
"Local businesses adopt eco-friendly practices to reduce waste.",0
"A secret government program is controlling the weather.",1
"New technology makes it easier to recycle electronic waste.",0
"A miracle diet claims to make you lose 10kg in a week.",1
"Researchers create a device to convert ocean water into drinking water.",0
"A mysterious signal from deep space is proof of alien life.",1
"City announces a new initiative to plant 1 million trees.",0
"A man claims to have built a time machine in his basement.",1
"Scientists develop a new AI model to predict natural disasters.",0
"A video shows evidence of a Loch Ness monster in Scotland.",1
"Local community starts a recycling drive to reduce waste.",0
"A secret potion found in the Amazon forest reverses aging.",1
"National healthcare program expands coverage for senior citizens.",0
"Moon landing was faked, says a viral social media post.",1
"Government allocates funds to improve education in rural areas.",0
"A rare fruit found in the Himalayas cures all illnesses.",1
"Researchers use AI to predict the spread of infectious diseases.",0
"A video shows a dragon flying over the mountains.",1
"Local sports club organizes a marathon to raise funds for charity.",0
"Scientists discover a fountain of youth in a remote jungle.",1
